tracker_id,n_samples,min_kmh,mean_kmh,max_kmh
6,5,14.4,18.065714285714286,22.5
14,9,21.6,36.4047619047619,48.0
21,10,25.2,28.801428571428573,32.4
23,9,21.6,25.857142857142858,30.000000000000004
24,13,18.0,23.41318681318681,28.8
25,15,14.4,22.45142857142857,28.8
26,13,18.0,24.824175824175825,30.000000000000004
27,11,18.0,25.85584415584416,31.5
28,5,28.8,34.43142857142857,40.5
29,19,14.4,17.380451127819548,21.6
30,11,18.0,25.083116883116883,30.000000000000004
